{
  "type": "minecraft:block",
  "pools": [
    {
      "bonus_rolls": 0.0,
      "conditions": [
        {
          "condition": "minecraft:survives_explosion"
        }
      ],
      "entries": [
        {
          "type": "minecraft:item",
          "functions": [
            {
              "function": "minecraft:copy_components",
              "include": [
                "minecraft:custom_name"
              ],
              "source": "block_entity"
            },
            {
              "block": "minecraft:oxidized_copper_golem_statue",
              "function": "minecraft:copy_state",
              "properties": [
                "copper_golem_pose"
              ]
            }
          ],
          "name": "minecraft:open_eyeblossom"
        }
      ],
      "rolls": 1.0
    }
  ],
  "random_sequence": "minecraft:blocks/oxidized_copper_golem_statue"
}