{
  "type": "minecraft:block",
  "pools": [
    {
      "bonus_rolls": 0.0,
      "conditions": [
        {
          "condition": "minecraft:survives_explosion"
        }
      ],
      "entries": [
        {
          "type": "minecraft:item",
          "conditions": [
            {
              "block": "minecraft:red_bed",
              "condition": "minecraft:block_state_property",
              "properties": {
                "part": "head"
              }
            }
          ],
          "name": "minecraft:book"
        }
      ],
      "rolls": 1.0
    }
  ],
  "random_sequence": "minecraft:blocks/red_bed"
}